Source, Target
PoloChau,mmadaio
PoloChau,bongshin
PoloChau,andrikos
PoloChau,Apple
PoloChau,MSAdvAnalytics
PoloChau,TheHackGT
PoloChau,jlijffijt
PoloChau,KwanliuMa
PoloChau,gvucenter
PoloChau,GTOMSCS
mmadaio,code4rights
mmadaio,jovialjoy
mmadaio,mbostock
mmadaio,jeffrey_heer
mmadaio,designselearn
mmadaio,grammarnerd
mmadaio,merrierm
mmadaio,fredhohman
mmadaio,PoloDataClub
mmadaio,munmun10
bongshin,PacificVis
bongshin,myjyby
bongshin,PoloChau
bongshin,dhanalytics
bongshin,dalbersszafir
bongshin,adilyalcin
bongshin,uwdata
bongshin,PacoApp
bongshin,bilalalsallakh
bongshin,marcogillies
andrikos,matboehmer
andrikos,rabbit_lyon
andrikos,serna_audrey
andrikos,mtrc
andrikos,BigBearScot
andrikos,OwlsEatMice
andrikos,AphraK
andrikos,adrishaw
andrikos,togelius
andrikos,chrisspeed
MSAdvAnalytics,andrewdberry
MSAdvAnalytics,kestelyn
MSAdvAnalytics,vgajarla
MSAdvAnalytics,tdhopper
MSAdvAnalytics,BerkeleyData
MSAdvAnalytics,HarlanH
MSAdvAnalytics,crimeprophet
MSAdvAnalytics,dsguidebiz
MSAdvAnalytics,bobehayes
MSAdvAnalytics,mikiobraun
TheHackGT,TechSqATL
TheHackGT,IonicSecurity
TheHackGT,OfficialAmreeta
TheHackGT,Swarlik
TheHackGT,KatColeATL
TheHackGT,HackDuke
TheHackGT,Burdell_GeorgeP
TheHackGT,VT_Hacks
TheHackGT,HackATL
TheHackGT,AtlBizChron
jlijffijt,HLForum
jlijffijt,jacobeisenstein
jlijffijt,emilymbender
jlijffijt,UGentDA
jlijffijt,michaelzeller
jlijffijt,RandomlyWalking
jlijffijt,Ronald_vanLoon
jlijffijt,PoloChau
jlijffijt,DMG_Standards
jlijffijt,ShirKi
KwanliuMa,sharoz
KwanliuMa,biovis_net
KwanliuMa,immersivecola
KwanliuMa,nathriche
KwanliuMa,MJMcGuffin
KwanliuMa,mattbrehmer
KwanliuMa,bederson
KwanliuMa,VarshneyAmitabh
KwanliuMa,NElmqvist
KwanliuMa,tamaramunzner
gvucenter,SVSIGGRAPH
gvucenter,andreagparker
gvucenter,snchancellor
gvucenter,BlackiLi
gvucenter,GTtower
gvucenter,OhMonet
gvucenter,Gamkedo
gvucenter,ethomaz
gvucenter,GET_TUDA_CHOPPA
gvucenter,uwdata
GTOMSCS,lmeanswell
GTOMSCS,lancewallace
GTOMSCS,UdacityINDIA
GTOMSCS,Tapia_con
GTOMSCS,Raxsha
GTOMSCS,jahreamincode
GTOMSCS,Praeducer
GTOMSCS,ashwinram
GTOMSCS,JoelRSosa
GTOMSCS,nyusteinhardt
